{
  "generated_at": "2026-06-18T08:54:00.812995Z",
  "rows": 298450,
  "clusters": 59,
  "forecast_metrics": {
    "MAE": 0.3848078264054461,
    "RMSE": 2.4557568665803275,
    "R2": 0.9733638881215649
  }
}